date,time,state,phase,git
2023-08-04,12:44:34,started,creating,
2023-08-04,13:04:17,paused,creating,
2023-08-04,13:09:13,started,creating,
2023-08-04,13:20:58,paused,creating,
2023-08-04,13:26:57,started,creating,
2023-08-04,13:26:58,paused,creating,
2023-08-04,13:27:02,stoped,creating,
2023-08-04,16:04:03,started,creating,
2023-08-04,16:33:30,paused,creating,
2023-08-04,16:39:04,stoped,creating,
2023-08-04,17:00:51,started,creating,
2023-08-04,17:00:53,paused,creating,
2023-08-04,17:35:44,stoped,creating,
2023-08-04,18:52:07,started,creating,
2023-08-04,19:24:11,stoped,creating,
2023-08-05,15:35:05,started,creating,
2023-08-05,15:59:41,paused,creating,
2023-08-05,16:21:02,started,creating,
2023-08-05,16:57:11,stoped,creating,
2023-08-08,12:48:01,started,creating,
2023-08-08,13:07:25,stoped,creating,
2023-08-08,13:11:43,started,creating,
2023-08-08,13:18:55,paused,creating,
2023-08-08,13:33:25,started,creating,
2023-08-08,13:41:25,stoped,creating,
2023-08-08,15:06:04,started,creating,
2023-08-08,15:14:12,paused,creating,
2023-08-08,15:43:03,started,creating,
2023-08-08,15:45:34,stoped,creating,
2023-08-08,16:52:50,started,creating,
2023-08-08,17:10:35,stoped,creating,
2023-08-08,23:49:24,started,creating,
2023-08-08,23:53:10,stoped,creating,
2023-08-23,10:59:18,started,creating,
2023-08-23,11:04:19,stoped,creating,
2023-08-23,11:04:29,started,programing,
2023-08-23,11:04:34,paused,programing,
2023-08-23,11:04:35,started,programing,
2023-08-23,11:09:43,paused,programing,
2023-08-23,11:13:51,started,programing,
2023-08-23,11:26:57,stoped,programing,
2023-08-23,12:36:53,started,programing,
2023-08-23,13:00:21,paused,programing,
2023-08-23,13:34:41,started,programing,
2023-08-23,13:51:14,stoped,programing,
2023-08-23,21:27:23,started,programing,
2023-08-23,21:33:46,stoped,programing,
2023-10-06,10:18:11,started,creating,
2023-10-06,10:22:42,stoped,creating,
2023-10-15,09:44:01,started,creating,
2023-10-15,10:43:24,paused,creating,
2023-10-15,11:21:36,started,creating,
2023-10-15,12:29:58,paused,creating,
2023-10-15,13:32:57,started,creating,
2023-10-15,14:26:23,paused,creating,
2023-10-15,14:44:57,stoped,creating,
2023-10-15,15:32:36,started,creating,
2023-10-15,16:45:58,stoped,creating,
2023-10-15,19:53:12,started,creating,
2023-10-15,20:01:28,paused,creating,
2023-10-15,22:19:45,started,creating,
2023-10-15,23:10:51,stoped,creating,
2023-10-16,10:25:59,started,creating,
2023-10-16,11:05:46,paused,creating,
2023-10-16,11:10:19,started,creating,
2023-10-16,11:45:21,paused,creating,
2023-10-16,11:48:11,started,creating,
2023-10-16,11:48:14,paused,creating,
2023-10-16,11:48:20,started,creating,
2023-10-16,11:50:31,paused,creating,
2023-10-16,12:23:32,started,creating,
2023-10-16,12:32:25,paused,creating,
2023-10-16,12:49:57,started,creating,
2023-10-16,13:16:42,paused,creating,
2023-10-16,14:16:31,stoped,creating,
2023-10-18,22:25:52,started,creating,
2023-10-18,23:16:37,stoped,creating,
2023-10-18,23:25:05,started,creating,
2023-10-18,23:55:52,stoped,creating,
2023-10-19,08:15:46,started,creating,
2023-10-19,08:24:07,paused,creating,
2023-10-19,08:25:35,started,creating,
2023-10-19,08:38:58,stoped,creating,
2023-10-22,11:01:37,started,creating,
2023-10-22,11:26:35,paused,creating,
2023-10-22,11:30:18,stoped,creating,
2023-10-23,09:45:39,started,creating,
2023-10-23,10:27:42,paused,creating,
2023-10-23,10:27:51,stoped,creating,
2023-10-29,11:02:56,started,creating,
2023-10-29,11:23:10,paused,creating,
2023-10-29,11:30:13,started,creating,
2023-10-29,11:54:15,paused,creating,
2023-10-29,12:37:26,stoped,creating,
2023-11-08,14:38:39,started,creating,
2023-11-08,15:37:30,paused,creating,
2023-11-08,16:13:38,stoped,creating,
2023-11-19,18:29:01,started,creating,
2023-11-19,18:56:56,paused,creating,
2023-11-19,21:02:19,started,creating,
2023-11-19,23:43:03,stoped,creating,
2023-11-20,12:07:39,started,creating,
2023-11-20,12:27:51,paused,creating,
2023-11-20,12:31:58,stoped,creating,
2023-11-20,20:13:32,started,creating,
2023-11-20,21:10:12,stoped,creating,
2023-11-24,21:48:16,started,creating,
2023-11-24,22:25:08,paused,creating,
2023-11-25,00:38:42,stoped,creating,
2023-11-25,11:47:25,started,creating,
2023-11-25,14:20:45,paused,creating,
2023-11-25,15:03:33,started,creating,
2023-11-25,15:15:18,paused,creating,
2023-11-25,15:21:27,started,creating,
2023-11-25,16:16:36,stoped,creating,
2024-03-01,19:43:43,started,programing,
2024-03-02,00:46:33,stoped,programing,
2024-03-02,10:07:08,started,programing,
2024-03-02,12:40:37,stoped,programing,
2024-03-02,18:18:08,started,programing,
2024-03-02,18:50:26,stoped,programing,
2024-03-03,09:54:28,started,programing,
2024-03-03,11:38:26,paused,programing,
2024-03-03,11:56:44,started,programing,
2024-03-03,12:23:02,stoped,programing,
2024-03-03,13:52:04,started,programing,
2024-03-03,13:59:28,paused,programing,
2024-03-03,15:54:54,started,programing,
2024-03-03,17:17:10,stoped,programing,
2024-03-03,17:32:46,started,creating,
2024-03-03,18:34:01,stoped,creating,
2024-03-24,11:25:30,started,creating,
2024-03-24,11:47:40,paused,creating,
2024-03-24,12:26:18,started,creating,
2024-03-24,12:56:44,paused,creating,
2024-03-24,17:49:36,started,creating,
2024-03-24,19:50:09,stoped,creating,
2024-03-25,22:12:24,started,creating,
2024-03-25,22:49:34,stoped,creating,
2024-03-26,20:07:06,started,creating,
2024-03-26,21:07:22,paused,creating,
2024-03-26,21:17:43,started,creating,
2024-03-26,22:13:44,paused,creating,
2024-03-26,22:34:43,started,creating,
2024-03-26,23:07:56,stoped,creating,
2024-04-12,13:57:36,started,creating,
2024-04-12,14:53:53,paused,creating,
2024-04-12,15:20:07,started,creating,
2024-04-12,15:56:04,paused,creating,
2024-04-12,16:03:18,started,creating,
2024-04-12,17:01:36,stoped,creating,
2024-04-17,12:09:42,started,creating,
2024-04-17,12:54:44,paused,creating,
2024-04-17,13:43:11,started,creating,
2024-04-17,14:05:12,paused,creating,
2024-04-17,14:15:57,started,creating,
2024-04-17,14:31:49,paused,creating,
2024-04-17,15:52:56,started,creating,
2024-04-17,16:31:05,paused,creating,
2024-04-17,16:40:56,started,creating,
2024-04-17,17:35:58,paused,creating,
2024-04-17,22:25:31,started,creating,
2024-04-17,23:25:14,stoped,creating,
2024-04-18,11:04:07,started,creating,
2024-04-18,12:50:42,stoped,creating,
2024-04-23,19:55:14,started,programing,
2024-04-23,21:10:16,stoped,programing,
2024-04-26,16:06:22,started,creating,
2024-04-26,18:13:48,paused,creating,
2024-04-26,22:11:09,started,creating,
2024-04-26,23:07:05,stoped,creating,
2024-04-27,10:19:05,started,creating,
2024-04-27,11:26:02,paused,creating,
2024-04-27,11:48:32,started,creating,
2024-04-27,12:19:57,paused,creating,
2024-04-27,13:11:51,started,creating,
2024-04-27,13:35:08,paused,creating,
2024-04-27,13:42:23,started,creating,
2024-04-27,15:12:37,paused,creating,
2024-04-27,15:34:32,started,creating,
2024-04-27,17:00:34,paused,creating,
2024-04-27,17:20:57,started,creating,
2024-04-27,17:33:59,paused,creating,
2024-04-27,18:32:13,stoped,creating,
2024-05-05,12:50:17,started,creating,
2024-05-05,12:56:47,stoped,creating,
2024-05-07,10:42:52,started,creating,
2024-05-07,12:11:30,stoped,creating,
2024-05-14,17:34:12,started,creating,
2024-05-14,18:51:21,stoped,creating,
